ID,Fermented food category,Substrate,State,Type of fermentation,Investigator,,Sequencing platform
FS0A,Wagashi rind,Dairy,Solid,Starter,JL,Dairy,
FS0B,Wagashi core,Dairy,Solid,Starter,JL,Dairy,
FS01,Bread kvass,Sugar,Liquid,Starter,JL,,
FS02,Carrot kimchi,Brine,Solid,Spontaneous,JL,,
FS03,Boza,Sugar,Liquid,Starter,JL,,
FS05,Turnip,Brine,Solid,Spontaneous,JL,,
FS06,Orange,Sugar,Solid,Spontaneous,JL,,
FS07,Sauerkraut,Brine,Solid,Spontaneous,JL,,
FS08,Tepache,Sugar,Liquid,Spontaneous,JL,,
FS09,Ginger beer,Sugar,Liquid,Spontaneous,JL,,
FS10,Tempeh,Soy,Solid,Starter,JL,,
FS11,Cucumber,Brine,Solid,Spontaneous,JL,,
FS12,Dairy kefir,Dairy,Liquid,Starter,JL,,
FS13,Water kefir,Sugar,Liquid,Starter,JL,,
FS16,Tofu chili,Soy,Solid,Spontaneous,JL,,
FS17,Daikon,Brine,Solid,Spontaneous,JL,,
FS19,Pickled vegetables,Brine,Solid,Spontaneous,JL,,
FS22,Sauerkraut,Brine,Solid,Spontaneous,JL,,
FS23,Brown rice amazake,Brine,Solid,Spontaneous,JL,,
FS24,Beetroot kvass,Brine,Liquid,Starter,JL,,
FS25,Dairy kefir,Dairy,Liquid,Starter,JL,Dairy kefir and fennel soup,
FS26,Mead,Sugar,Liquid,Spontaneous,JL,,
FS27,Sauerkraut,Brine,Solid,Spontaneous,JL,,
FS28,Sauerkraut,Brine,Solid,Spontaneous,JL,dill dearg,
FS29,Kimchi,Brine,Solid,Spontaneous,JL,,
FS30,Sauerkraut,Brine,Solid,Spontaneous,JL,glden child sauerkraut,
FS31,Water kefir,Sugar,Liquid,Starter,JL,,
FS32,Water kefir,Sugar,Liquid,Starter,JL,,
FS33,Water kefir,Sugar,Liquid,Starter,JL,,
FS34,Kombucha,Sugar,Liquid,Starter,JL,kombucha vinegar,
FS35,Ryazhenka,Dairy,Liquid,Starter,JL,,
FS36,Agousha,Dairy,Liquid,Starter,JL,,
FS37,RostagroŠkport voroznyj,Dairy,Solid,Starter,JL,,
FS38,Ruza,Dairy,Solid,Starter,JL,,
FS39,Sauerkraut,Brine,Solid,Spontaneous,JL,,
FS40,Kombucha,Sugar,Liquid,Starter,JL,,
FS41,Apple cider vinegar,Sugar,Liquid,Starter,JL,,
FS42,Raw Dairy kefir,Dairy,Liquid,Starter,JL,,
FS43,Pasteurized Dairy kefir,Dairy,Liquid,Starter,JL,,
FS44,Water kefir,Sugar,Liquid,Starter,JL,"Water kefir (pear, ginger, and honey)",
FS45,Water kefir,Sugar,Liquid,Starter,JL,"Water kefir (pear, ginger, and sugar)",
FS46,Dilly carrots,Brine,Solid,Spontaneous,JL,,
FS47,Brussels sprout kimchi,Brine,Solid,Spontaneous,JL,,
FS48,Kimchi,Brine,Solid,Spontaneous,JL,,
FS49,Garlic kraut,Brine,Solid,Spontaneous,JL,,
FS50,Dukkahÿkraut,Brine,Solid,Spontaneous,JL,,
FS51,Ginger sliced in 2%ÿbrine,Brine,Solid,Spontaneous,JL,,
FS52,Daikon radishÿin 2%ÿbrine,Brine,Solid,Spontaneous,JL,,
FS53,Okraÿin 2%ÿbrine,Brine,Solid,Spontaneous,JL,,
FS54,Tomatoes and mustard Seedsÿin 2%ÿbrine,Brine,Solid,Spontaneous,JL,,
FS55,Kombucha,Sugar,Liquid,Starter,JL,,
FS56,Water kefir,Sugar,Liquid,Starter,JL,Cherry water kefir,
FS57,Beet kvass,Brine,Liquid,Starter,JL,,
FS58,Coconut kefir,Coconut Dairy,Liquid,Starter,JL,,
FS59,Carrot sticks,Brine,Solid,Spontaneous,JL,,
FS60,Labne,Dairy,Solid,Starter,JL,,
FS61,Lemon and ginger fizz,Sugar,Liquid,Starter,JL,,
FS62,Scallion kimchi,Brine,Solid,Spontaneous,JL,,
AF01,Ogi-Cereal,Cereal,Semi-solid,Spontaneous,JL,,
AF02,Ogi baba - Cereal,Cereal,Semi-solid,Spontaneous,JL,,
AF03,Gari,Root and tuber,Solid,Spontaneous,JL,,
AF04,Fufu,Root and tuber,Solid,Spontaneous,JL,,
AF05,Kunun,Cereal,Liquid,Spontaneous,JL,,
AF06,Iru,Seed,Solid,Spontaneous,JL,,
AF07,Palm wine,Palm Tree,Liquid,Spontaneous,JL,,
AF08,Ogi/Koko Cereal,Cereal,Semi-solid,Spontaneous,JL,,
AF09,Ogiri,Seed,Solid,Spontaneous,JL,Melon Seeds,
AF10,Iru ,Seed,Solid,Spontaneous,JL,,
AF11,Ugba,Seed,Solid,Spontaneous,JL,,
AF12,Ogi,Cereal,Semi-solid,Spontaneous,JL,,
AF14,Wara,Dairy,Solid,Spontaneous,JL,,
AF15,Ogiri,Seed,Solid,Spontaneous,JL,Melon Seed,
AF16,Lafun,Root and tuber,Solid,Spontaneous,JL,,
AF17,Pito,Cereal,Liquid,Backslopped,JL,,
AF18,Otika,Cereal,Liquid,Spontaneous,JL,,
AF19,Palm wine,Palm Tree,Liquid,Spontaneous,JL,,
AF20,Kunnun-zaki,Cereal,Liquid,Spontaneous,JL,,
AF21,Palm wine,Palm Tree,Liquid,Spontaneous,JL,,
AF22,Nono,Dairy,Liquid,Spontaneous,JL,,
AF23,Palm wine,Palm Tree,Liquid,Spontaneous,JL,,
AF24,Dawa Dawa,Seed,Solid,Spontaneous,JL,,
AF25,Kantong,Seed,Solid,Spontaneous,JL,Ceiba pentandra ,
AF26,Red Cereal Zankom,Cereal,Liquid,Spontaneous,JL,,
AF27,Wagashi,Dairy,Solid,Spontaneous,JL,,
AF28,Dagati Pito,Cereal,Liquid,Backslopped,JL,,
AF29,White Cereal Zonkom,Cereal,Liquid,Spontaneous,JL,,
AF30,Brukina,Cereal,Liquid,Spontaneous,JL,,
AF31,Burukutu,Cereal,Solid,Spontaneous,JL,,
AF32,Frafra Pito,Cereal,Liquid,Backslopped,JL,,
AF33,Kunun-zaki,Cereal,Liquid,Spontaneous,JL,,
AF34,Nono,Dairy,Liquid,Spontaneous,JL,,
AF35,Ogi,Cereal,Semi-solid,Spontaneous,JL,,
AF36,Maasa,Cereal,Semi-solid,Spontaneous,JL,,
AF37,Ogi White,Cereal,Semi-solid,Spontaneous,JL,,
AF38,Agadagidi,Root and tuber,Liquid,Spontaneous,JL,,
AF39,Emu,Palm Tree,Liquid,Spontaneous,JL,,
AF40,Burukutu,Cereal,Liquid,Spontaneous,JL,,
AF41,Otika,Cereal,Liquid,Spontaneous,JL,,
AF42,Wara,Dairy,Solid,Spontaneous,JL,,
AF43,Ugba,Seed,Solid,Spontaneous,JL,,
AF44,Gari,Root and tuber,Solid,Spontaneous,JL,,
AF45,Ogiri,Seed,Solid,Spontaneous,JL,Melon Seed,
AF46,Ogi ,Cereal,Semi-solid,Spontaneous,JL,,
AF47,Okpheye,Seed,Solid,Spontaneous,JL,,
AF48,Iru Pete,Seed,Solid,Spontaneous,JL,,
AF49,Fura,Cereal,Solid,Spontaneous,JL,,
AF50,Ogi,Cereal,Semi-solid,Spontaneous,JL,,
AF51,Fufu,Root and tuber,Solid,Spontaneous,JL,,
AF52,Iru Woro,Seed,Solid,Spontaneous,JL,,
AF53,Lafun,Root and tuber,Solid,Spontaneous,JL,,
AF54,Gari,Root and tuber,Solid,Spontaneous,JL,,
AF55,Palm wine,Palm Tree,Liquid,Spontaneous,JL,,
AF56,Iru,Seed,Solid,Spontaneous,JL,,
AF57,Ogiri,Seed,Semi-solid,Spontaneous,JL,,
AF58,Okpehe,Seed,Solid,Spontaneous,JL,Prosopis africana,
AF58_b,Okpehe,Seed,Solid,Backslopped,,,
AF59,Ugba,Seed,Solid,Spontaneous,JL,,
AF60,Ogi Cereal,Cereal,Solid,Spontaneous,JL,,
AF61,Ogi baba  ,Cereal,Solid,Spontaneous,JL,,
AF62,koko,Cereal,Solid,Spontaneous,JL,,
AF63,Otiru,Root and tuber,Solid,Spontaneous,JL,,
AF64,Nunu,Dairy,Liquid,Backslopped,JL,,
AF65,Wara,Dairy,Solid,Spontaneous,JL,,
AF66,Obiolor,Cereal,Liquid,Backslopped,JL,,
AF67,Burunkutu,Cereal,Liquid,Backslopped,JL,,
AF68,Sekete,Cereal,Liquid,Backslopped,JL,,
AF69,Gari,Root and tuber,Solid,Spontaneous,JL,,
AF70,Lafun,Root and tuber,Solid,Spontaneous,JL,,
AF71,Fufu,Root and tuber,Solid,Spontaneous,JL,,
AF72,Agadagidi,Root and tuber,Liquid,Spontaneous,JL,,
AF73,Ugi-finger Cereal,Cereal,Semi-solid,Spontaneous,JL,,
AF74,Ugi _Cereal and pearl Cereal,Cereal,Semi-solid,Spontaneous,JL,,
AF75,Ugi- finger Cereal and Cereal,Cereal,Semi-solid,Spontaneous,JL,,
AF76,Ugi - finger Cereal and pearl Cereal ,Cereal,Semi-solid,Spontaneous,JL,,
AF77,Dolo,Cereal,Liquid,Backslopped,JL,,
AF78,Massa,Cereal,Liquid,Spontaneous,JL,,
AF79,Foura,Cereal,Solid,Spontaneous,JL,,
AF80,Soumbala,Seed,Solid,Spontaneous,JL,,
AF81,Mou,Root and tuber,Solid,Spontaneous,JL,,
AF82,Attieke,Root and tuber,Solid,Backslopped,JL,,
AF83,Iru,Seed,Solid,Spontaneous,JL,,
AF84,Garri,Root and tuber,Solid,Spontaneous,JL,,
AF85,Ugba,Seed,Solid,Spontaneous,JL,,
AF86,Kunu - 3,Cereal,Liquid,Spontaneous,JL,,
AF87,Cereal Ogi yellow,Cereal,Semi-solid,Spontaneous,JL,,
AF88,Cereal Ogi (ogi baba),Cereal,Semi-solid,Spontaneous,JL,,
AF89,Fufu,Root and tuber,Solid,Spontaneous,JL,,
AF90,Wara,Dairy,Solid,Not applicable,JL,,
AF91,Palm wine,Palm Tree,Liquid,Spontaneous,JL,,
AF92,Kunu - 2,Cereal,Liquid,Spontaneous,JL,,
AF93,Nono ,Dairy,Liquid,Spontaneous,JL,,
AF94,Kunu - 1,Cereal,Liquid,Spontaneous,JL,,
K1,Kombucha,Sugar,Liquid,Starter,JL,,
K2,Kombucha,Sugar,Liquid,Starter,JL,,
K3,Kombucha,Sugar,Liquid,Starter,JL,,
K4,Kombucha,Sugar,Liquid,Starter,JL,,
K5,Kombucha,Sugar,Liquid,Starter,JL,,
K6,Kombucha,Sugar,Liquid,Starter,JL,,
WKMedia-1-L-0h,Fig extract,Sugar,Liquid,Starter,SB,,
WKMedia-1-L-08h,Fig extract,Sugar,Liquid,Starter,SB,,
WKMedia-1-L-48h,Fig extract,Sugar,Liquid,Starter,SB,,
WKMedia-2-L-00h,Fig extract,Sugar,Liquid,Starter,SB,,
WKMedia-2-L-08h,Fig extract,Sugar,Liquid,Starter,SB,,
WKMedia-2-L-48h,Fig extract,Sugar,Liquid,Starter,SB,,
WKMedia-3-L-00h,Fig extract,Sugar,Liquid,Starter,SB,,
WKMedia-3-L-08h,Fig extract,Sugar,Liquid,Starter,SB,,
WKMedia-3-L-48h,Fig extract,Sugar,Liquid,Starter,SB,,
WK001-1-L-08h,Water kefir,Sugar,Liquid,Starter,SB,,
WK001-1-L-48h,Water kefir,Sugar,Liquid,Starter,SB,,
WK001-2-G-48h,Water kefir,Sugar,Liquid,Starter,SB,,
WK001-2-L-08h,Water kefir,Sugar,Liquid,Starter,SB,,
WK001-2-L-48h,Water kefir,Sugar,Liquid,Starter,SB,,
WK002-1-L-08h,Water kefir,Sugar,Liquid,Starter,SB,,
WK002-1-L-48h,Water kefir,Sugar,Liquid,Starter,SB,,
WK002-2-G-48h,Water kefir,Sugar,Liquid,Starter,SB,,
WK002-2-L-08h,Water kefir,Sugar,Liquid,Starter,SB,,
WK002-2-L-48h,Water kefir,Sugar,Liquid,Starter,SB,,
WK003-1-L-08h,Water kefir,Sugar,Liquid,Starter,SB,,
WK003-1-L-48h,Water kefir,Sugar,Liquid,Starter,SB,,
WK003-2-G-48h,Water kefir,Sugar,Liquid,Starter,SB,,
WK003-2-L-08h,Water kefir,Sugar,Liquid,Starter,SB,,
WK003-2-L-48h,Water kefir,Sugar,Liquid,Starter,SB,,
WK004-1-L-08h,Water kefir,Sugar,Liquid,Starter,SB,,
WK004-1-L-48h,Water kefir,Sugar,Liquid,Starter,SB,,
WK004-2-G-48h,Water kefir,Sugar,Liquid,Starter,SB,,
WK004-2-L-08h,Water kefir,Sugar,Liquid,Starter,SB,,
WK004-2-L-48h,Water kefir,Sugar,Liquid,Starter,SB,,
WK005-1-L-08h,Water kefir,Sugar,Liquid,Starter,SB,,
WK005-1-L-48h,Water kefir,Sugar,Liquid,Starter,SB,,
WK005-2-G-48h,Water kefir,Sugar,Liquid,Starter,SB,,
WK005-2-L-08h,Water kefir,Sugar,Liquid,Starter,SB,,
WK005-2-L-48h,Water kefir,Sugar,Liquid,Starter,SB,,
WK006-1-L-08h,Water kefir,Sugar,Liquid,Starter,SB,,
WK006-1-L-48h,Water kefir,Sugar,Liquid,Starter,SB,,
WK006-2-G-48h,Water kefir,Sugar,Liquid,Starter,SB,,
WK006-2-L-08h,Water kefir,Sugar,Liquid,Starter,SB,,
WK006-2-L-48h,Water kefir,Sugar,Liquid,Starter,SB,,
WK007-1-L-08h,Water kefir,Sugar,Liquid,Starter,SB,,
WK007-1-L-48h,Water kefir,Sugar,Liquid,Starter,SB,,
WK007-2-G-48h,Water kefir,Sugar,Liquid,Starter,SB,,
WK007-2-L-08h,Water kefir,Sugar,Liquid,Starter,SB,,
WK007-2-L-48h,Water kefir,Sugar,Liquid,Starter,SB,,
WK008-1-L-08h,Water kefir,Sugar,Liquid,Starter,SB,,
WK008-1-L-48h,Water kefir,Sugar,Liquid,Starter,SB,,
WK008-2-G-48h,Water kefir,Sugar,Liquid,Starter,SB,,
WK008-2-L-08h,Water kefir,Sugar,Liquid,Starter,SB,,
WK008-2-L-48h,Water kefir,Sugar,Liquid,Starter,SB,,
WK009-1-L-08h,Water kefir,Sugar,Liquid,Starter,SB,,
WK009-1-L-48h,Water kefir,Sugar,Liquid,Starter,SB,,
WK009-2-G-48h,Water kefir,Sugar,Liquid,Starter,SB,,
WK009-2-L-08h,Water kefir,Sugar,Liquid,Starter,SB,,
WK009-2-L-48h,Water kefir,Sugar,Liquid,Starter,SB,,
WK010-1-L-08h,Water kefir,Sugar,Liquid,Starter,SB,,
WK010-1-L-48h,Water kefir,Sugar,Liquid,Starter,SB,,
WK010-2-G-48h,Water kefir,Sugar,Liquid,Starter,SB,,
WK010-2-L-08h,Water kefir,Sugar,Liquid,Starter,SB,,
WK010-2-L-48h,Water kefir,Sugar,Liquid,Starter,SB,,
WK011-1-L-08h,Water kefir,Sugar,Liquid,Starter,SB,,
WK011-1-L-48h,Water kefir,Sugar,Liquid,Starter,SB,,
WK011-2-G-48h,Water kefir,Sugar,Liquid,Starter,SB,,
WK011-2-L-08h,Water kefir,Sugar,Liquid,Starter,SB,,
WK011-2-L-48h,Water kefir,Sugar,Liquid,Starter,SB,,
WK012-1-L-08h,Water kefir,Sugar,Liquid,Starter,SB,,
WK012-1-L-48h,Water kefir,Sugar,Liquid,Starter,SB,,
WK012-2-G-48h,Water kefir,Sugar,Liquid,Starter,SB,,
WK012-2-L-08h,Water kefir,Sugar,Liquid,Starter,SB,,
WK012-2-L-48h,Water kefir,Sugar,Liquid,Starter,SB,,
WK013-1-L-08h,Water kefir,Sugar,Liquid,Starter,SB,,
WK013-1-L-48h,Water kefir,Sugar,Liquid,Starter,SB,,
WK013-2-G-48h,Water kefir,Sugar,Liquid,Starter,SB,,
WK013-2-L-08h,Water kefir,Sugar,Liquid,Starter,SB,,
WK013-2-L-48h,Water kefir,Sugar,Liquid,Starter,SB,,
WK014-1-L-08h,Water kefir,Sugar,Liquid,Starter,SB,,
WK014-1-L-48h,Water kefir,Sugar,Liquid,Starter,SB,,
WK014-2-G-48h,Water kefir,Sugar,Liquid,Starter,SB,,
WK014-2-L-08h,Water kefir,Sugar,Liquid,Starter,SB,,
WK014-2-L-48h,Water kefir,Sugar,Liquid,Starter,SB,,
WK015-1-L-08h,Water kefir,Sugar,Liquid,Starter,SB,,
WK015-1-L-48h,Water kefir,Sugar,Liquid,Starter,SB,,
WK015-2-G-48h,Water kefir,Sugar,Liquid,Starter,SB,,
WK015-2-L-08h,Water kefir,Sugar,Liquid,Starter,SB,,
WK015-2-L-48h,Water kefir,Sugar,Liquid,Starter,SB,,
WK016-1-L-08h,Water kefir,Sugar,Liquid,Starter,SB,,
WK016-1-L-48h,Water kefir,Sugar,Liquid,Starter,SB,,
WK016-2-G-48h,Water kefir,Sugar,Liquid,Starter,SB,,
WK016-2-L-08h,Water kefir,Sugar,Liquid,Starter,SB,,
WK016-2-L-48h,Water kefir,Sugar,Liquid,Starter,SB,,
WK017-1-L-08h,Water kefir,Sugar,Liquid,Starter,SB,,
WK017-1-L-48h,Water kefir,Sugar,Liquid,Starter,SB,,
WK017-2-G-48h,Water kefir,Sugar,Liquid,Starter,SB,,
WK017-2-L-08h,Water kefir,Sugar,Liquid,Starter,SB,,
WK017-2-L-48h,Water kefir,Sugar,Liquid,Starter,SB,,
WK018-1-L-08h,Water kefir,Sugar,Liquid,Starter,SB,,
WK018-1-L-48h,Water kefir,Sugar,Liquid,Starter,SB,,
WK018-2-G-48h,Water kefir,Sugar,Liquid,Starter,SB,,
WK018-2-L-08h,Water kefir,Sugar,Liquid,Starter,SB,,
WK018-2-L-48h,Water kefir,Sugar,Liquid,Starter,SB,,
WK019-1-L-08h,Water kefir,Sugar,Liquid,Starter,SB,,
WK019-1-L-48h,Water kefir,Sugar,Liquid,Starter,SB,,
WK019-2-G-48h,Water kefir,Sugar,Liquid,Starter,SB,,
WK019-2-L-08h,Water kefir,Sugar,Liquid,Starter,SB,,
WK019-2-L-48h,Water kefir,Sugar,Liquid,Starter,SB,,
WK020-1-L-08h,Water kefir,Sugar,Liquid,Starter,SB,,
WK020-1-L-48h,Water kefir,Sugar,Liquid,Starter,SB,,
WK020-2-G-48h,Water kefir,Sugar,Liquid,Starter,SB,,
WK020-2-L-08h,Water kefir,Sugar,Liquid,Starter,SB,,
WK020-2-L-48h,Water kefir,Sugar,Liquid,Starter,SB,,
WK021-1-L-08h,Water kefir,Sugar,Liquid,Starter,SB,,
WK021-1-L-48h,Water kefir,Sugar,Liquid,Starter,SB,,
WK021-2-G-48h,Water kefir,Sugar,Liquid,Starter,SB,,
WK021-2-L-08h,Water kefir,Sugar,Liquid,Starter,SB,,
WK021-2-L-48h,Water kefir,Sugar,Liquid,Starter,SB,,
WK022-1-L-08h,Water kefir,Sugar,Liquid,Starter,SB,,
WK022-1-L-48h,Water kefir,Sugar,Liquid,Starter,SB,,
WK022-2-G-48h,Water kefir,Sugar,Liquid,Starter,SB,,
WK022-2-L-08h,Water kefir,Sugar,Liquid,Starter,SB,,
WK022-2-L-48h,Water kefir,Sugar,Liquid,Starter,SB,,
WK023-1-L-08h,Water kefir,Sugar,Liquid,Starter,SB,,
WK023-1-L-48h,Water kefir,Sugar,Liquid,Starter,SB,,
WK023-2-G-48h,Water kefir,Sugar,Liquid,Starter,SB,,
WK023-2-L-08h,Water kefir,Sugar,Liquid,Starter,SB,,
WK023-2-L-48h,Water kefir,Sugar,Liquid,Starter,SB,,
WK024-1-L-08h,Water kefir,Sugar,Liquid,Starter,SB,,
WK024-1-L-48h,Water kefir,Sugar,Liquid,Starter,SB,,
WK024-2-G-48h,Water kefir,Sugar,Liquid,Starter,SB,,
WK024-2-L-08h,Water kefir,Sugar,Liquid,Starter,SB,,
WK024-2-L-48h,Water kefir,Sugar,Liquid,Starter,SB,,
WK025-1-L-08h,Water kefir,Sugar,Liquid,Starter,SB,,
WK025-1-L-48h,Water kefir,Sugar,Liquid,Starter,SB,,
WK025-2-G-48h,Water kefir,Sugar,Liquid,Starter,SB,,
WK025-2-L-08h,Water kefir,Sugar,Liquid,Starter,SB,,
WK025-2-L-48h,Water kefir,Sugar,Liquid,Starter,SB,,
WK026-1-L-08h,Water kefir,Sugar,Liquid,Starter,SB,,
WK026-1-L-48h,Water kefir,Sugar,Liquid,Starter,SB,,
WK026-2-G-48h,Water kefir,Sugar,Liquid,Starter,SB,,
WK026-2-L-08h,Water kefir,Sugar,Liquid,Starter,SB,,
WK026-2-L-48h,Water kefir,Sugar,Liquid,Starter,SB,,
WK027-1-L-08h,Water kefir,Sugar,Liquid,Starter,SB,,
WK027-1-L-48h,Water kefir,Sugar,Liquid,Starter,SB,,
WK027-2-G-48h,Water kefir,Sugar,Liquid,Starter,SB,,
WK027-2-L-08h,Water kefir,Sugar,Liquid,Starter,SB,,
WK027-2-L-48h,Water kefir,Sugar,Liquid,Starter,SB,,
WK028-1-L-08h,Water kefir,Sugar,Liquid,Starter,SB,,
WK028-1-L-48h,Water kefir,Sugar,Liquid,Starter,SB,,
WK028-2-G-48h,Water kefir,Sugar,Liquid,Starter,SB,,
WK028-2-L-08h,Water kefir,Sugar,Liquid,Starter,SB,,
WK028-2-L-48h,Water kefir,Sugar,Liquid,Starter,SB,,
WK029-1-L-08h,Water kefir,Sugar,Liquid,Starter,SB,,
WK029-1-L-48h,Water kefir,Sugar,Liquid,Starter,SB,,
WK029-2-G-48h,Water kefir,Sugar,Liquid,Starter,SB,,
WK029-2-L-08h,Water kefir,Sugar,Liquid,Starter,SB,,
WK029-2-L-48h,Water kefir,Sugar,Liquid,Starter,SB,,
WK030-1-L-08h,Water kefir,Sugar,Liquid,Starter,SB,,
WK030-1-L-48h,Water kefir,Sugar,Liquid,Starter,SB,,
WK030-2-G-48h,Water kefir,Sugar,Liquid,Starter,SB,,
WK030-2-L-08h,Water kefir,Sugar,Liquid,Starter,SB,,
WK030-2-L-48h,Water kefir,Sugar,Liquid,Starter,SB,,
WK031-1-L-08h,Water kefir,Sugar,Liquid,Starter,SB,,
WK031-1-L-48h,Water kefir,Sugar,Liquid,Starter,SB,,
WK031-2-G-48h,Water kefir,Sugar,Liquid,Starter,SB,,
WK031-2-L-08h,Water kefir,Sugar,Liquid,Starter,SB,,
WK031-2-L-48h,Water kefir,Sugar,Liquid,Starter,SB,,
WK032-1-L-08h,Water kefir,Sugar,Liquid,Starter,SB,,
WK032-1-L-48h,Water kefir,Sugar,Liquid,Starter,SB,,
WK032-2-G-48h,Water kefir,Sugar,Liquid,Starter,SB,,
WK032-2-L-08h,Water kefir,Sugar,Liquid,Starter,SB,,
WK032-2-L-48h,Water kefir,Sugar,Liquid,Starter,SB,,
WK033-1-L-08h,Water kefir,Sugar,Liquid,Starter,SB,,
WK033-1-L-48h,Water kefir,Sugar,Liquid,Starter,SB,,
WK033-2-G-48h,Water kefir,Sugar,Liquid,Starter,SB,,
WK033-2-L-08h,Water kefir,Sugar,Liquid,Starter,SB,,
WK033-2-L-48h,Water kefir,Sugar,Liquid,Starter,SB,,
WK034-1-L-08h,Water kefir,Sugar,Liquid,Starter,SB,,
WK034-1-L-48h,Water kefir,Sugar,Liquid,Starter,SB,,
WK034-2-G-48h,Water kefir,Sugar,Liquid,Starter,SB,,
WK034-2-L-08h,Water kefir,Sugar,Liquid,Starter,SB,,
WK034-2-L-48h,Water kefir,Sugar,Liquid,Starter,SB,,
WK035-1-L-08h,Water kefir,Sugar,Liquid,Starter,SB,,
WK035-1-L-48h,Water kefir,Sugar,Liquid,Starter,SB,,
WK035-2-G-48h,Water kefir,Sugar,Liquid,Starter,SB,,
WK035-2-L-08h,Water kefir,Sugar,Liquid,Starter,SB,,
WK035-2-L-48h,Water kefir,Sugar,Liquid,Starter,SB,,
WK036-1-L-08h,Water kefir,Sugar,Liquid,Starter,SB,,
WK036-1-L-48h,Water kefir,Sugar,Liquid,Starter,SB,,
WK036-2-G-48h,Water kefir,Sugar,Liquid,Starter,SB,,
WK036-2-L-08h,Water kefir,Sugar,Liquid,Starter,SB,,
WK036-2-L-48h,Water kefir,Sugar,Liquid,Starter,SB,,
WK037-1-L-08h,Water kefir,Sugar,Liquid,Starter,SB,,
WK037-1-L-48h,Water kefir,Sugar,Liquid,Starter,SB,,
WK037-2-G-48h,Water kefir,Sugar,Liquid,Starter,SB,,
WK037-2-L-08h,Water kefir,Sugar,Liquid,Starter,SB,,
WK037-2-L-48h,Water kefir,Sugar,Liquid,Starter,SB,,
WK038-1-L-08h,Water kefir,Sugar,Liquid,Starter,SB,,
WK038-1-L-48h,Water kefir,Sugar,Liquid,Starter,SB,,
WK038-2-G-48h,Water kefir,Sugar,Liquid,Starter,SB,,
WK038-2-L-08h,Water kefir,Sugar,Liquid,Starter,SB,,
WK038-2-L-48h,Water kefir,Sugar,Liquid,Starter,SB,,
WK039-1-L-08h,Water kefir,Sugar,Liquid,Starter,SB,,
WK039-1-L-48h,Water kefir,Sugar,Liquid,Starter,SB,,
WK039-2-G-48h,Water kefir,Sugar,Liquid,Starter,SB,,
WK039-2-L-08h,Water kefir,Sugar,Liquid,Starter,SB,,
WK039-2-L-48h,Water kefir,Sugar,Liquid,Starter,SB,,
WK040-1-L-08h,Water kefir,Sugar,Liquid,Starter,SB,,
WK040-1-L-48h,Water kefir,Sugar,Liquid,Starter,SB,,
WK040-2-G-48h,Water kefir,Sugar,Liquid,Starter,SB,,
WK040-2-L-08h,Water kefir,Sugar,Liquid,Starter,SB,,
WK040-2-L-48h,Water kefir,Sugar,Liquid,Starter,SB,,
WK041-1-L-08h,Water kefir,Sugar,Liquid,Starter,SB,,
WK041-1-L-48h,Water kefir,Sugar,Liquid,Starter,SB,,
WK041-2-G-48h,Water kefir,Sugar,Liquid,Starter,SB,,
WK041-2-L-08h,Water kefir,Sugar,Liquid,Starter,SB,,
WK041-2-L-48h,Water kefir,Sugar,Liquid,Starter,SB,,
WK042-1-L-08h,Water kefir,Sugar,Liquid,Starter,SB,,
WK042-1-L-48h,Water kefir,Sugar,Liquid,Starter,SB,,
WK042-2-G-48h,Water kefir,Sugar,Liquid,Starter,SB,,
WK042-2-L-08h,Water kefir,Sugar,Liquid,Starter,SB,,
WK042-2-L-48h,Water kefir,Sugar,Liquid,Starter,SB,,
WK043-1-L-08h,Water kefir,Sugar,Liquid,Starter,SB,,
WK043-1-L-48h,Water kefir,Sugar,Liquid,Starter,SB,,
WK043-2-G-48h,Water kefir,Sugar,Liquid,Starter,SB,,
WK043-2-L-08h,Water kefir,Sugar,Liquid,Starter,SB,,
WK043-2-L-48h,Water kefir,Sugar,Liquid,Starter,SB,,
WK044-1-L-08h,Water kefir,Sugar,Liquid,Starter,SB,,
WK044-1-L-48h,Water kefir,Sugar,Liquid,Starter,SB,,
WK044-2-G-48h,Water kefir,Sugar,Liquid,Starter,SB,,
WK044-2-L-08h,Water kefir,Sugar,Liquid,Starter,SB,,
WK044-2-L-48h,Water kefir,Sugar,Liquid,Starter,SB,,
WK045-1-L-08h,Water kefir,Sugar,Liquid,Starter,SB,,
WK045-1-L-48h,Water kefir,Sugar,Liquid,Starter,SB,,
WK045-2-G-48h,Water kefir,Sugar,Liquid,Starter,SB,,
WK045-2-L-08h,Water kefir,Sugar,Liquid,Starter,SB,,
WK045-2-L-48h,Water kefir,Sugar,Liquid,Starter,SB,,
WK046-1-L-08h,Water kefir,Sugar,Liquid,Starter,SB,,
WK046-1-L-48h,Water kefir,Sugar,Liquid,Starter,SB,,
WK046-2-G-48h,Water kefir,Sugar,Liquid,Starter,SB,,
WK046-2-L-08h,Water kefir,Sugar,Liquid,Starter,SB,,
WK046-2-L-48h,Water kefir,Sugar,Liquid,Starter,SB,,
WK047-1-L-08h,Water kefir,Sugar,Liquid,Starter,SB,,
WK047-1-L-48h,Water kefir,Sugar,Liquid,Starter,SB,,
WK047-2-G-48h,Water kefir,Sugar,Liquid,Starter,SB,,
WK047-2-L-08h,Water kefir,Sugar,Liquid,Starter,SB,,
WK047-2-L-48h,Water kefir,Sugar,Liquid,Starter,SB,,
WK048-1-L-08h,Water kefir,Sugar,Liquid,Starter,SB,,
WK048-1-L-48h,Water kefir,Sugar,Liquid,Starter,SB,,
WK048-2-G-48h,Water kefir,Sugar,Liquid,Starter,SB,,
WK048-2-L-08h,Water kefir,Sugar,Liquid,Starter,SB,,
WK048-2-L-48h,Water kefir,Sugar,Liquid,Starter,SB,,
WK049-1-L-08h,Water kefir,Sugar,Liquid,Starter,SB,,
WK049-1-L-48h,Water kefir,Sugar,Liquid,Starter,SB,,
WK049-2-G-48h,Water kefir,Sugar,Liquid,Starter,SB,,
WK049-2-L-08h,Water kefir,Sugar,Liquid,Starter,SB,,
WK049-2-L-48h,Water kefir,Sugar,Liquid,Starter,SB,,
WK050-1-L-08h,Water kefir,Sugar,Liquid,Starter,SB,,
WK050-1-L-48h,Water kefir,Sugar,Liquid,Starter,SB,,
WK050-2-G-48h,Water kefir,Sugar,Liquid,Starter,SB,,
WK050-2-L-08h,Water kefir,Sugar,Liquid,Starter,SB,,
WK050-2-L-48h,Water kefir,Sugar,Liquid,Starter,SB,,
WK051-1-L-08h,Water kefir,Sugar,Liquid,Starter,SB,,
WK051-1-L-48h,Water kefir,Sugar,Liquid,Starter,SB,,
WK051-2-G-48h,Water kefir,Sugar,Liquid,Starter,SB,,
WK051-2-L-08h,Water kefir,Sugar,Liquid,Starter,SB,,
WK051-2-L-48h,Water kefir,Sugar,Liquid,Starter,SB,,
WK052-1-L-08h,Water kefir,Sugar,Liquid,Starter,SB,,
WK052-1-L-48h,Water kefir,Sugar,Liquid,Starter,SB,,
WK052-2-G-48h,Water kefir,Sugar,Liquid,Starter,SB,,
WK052-2-L-08h,Water kefir,Sugar,Liquid,Starter,SB,,
WK052-2-L-48h,Water kefir,Sugar,Liquid,Starter,SB,,
WK053-1-L-08h,Water kefir,Sugar,Liquid,Starter,SB,,
WK053-1-L-48h,Water kefir,Sugar,Liquid,Starter,SB,,
WK053-2-G-48h,Water kefir,Sugar,Liquid,Starter,SB,,
WK053-2-L-08h,Water kefir,Sugar,Liquid,Starter,SB,,
WK053-2-L-48h,Water kefir,Sugar,Liquid,Starter,SB,,
WK054-1-L-08h,Water kefir,Sugar,Liquid,Starter,SB,,
WK054-1-L-48h,Water kefir,Sugar,Liquid,Starter,SB,,
WK054-2-G-48h,Water kefir,Sugar,Liquid,Starter,SB,,
WK054-2-L-08h,Water kefir,Sugar,Liquid,Starter,SB,,
WK054-2-L-48h,Water kefir,Sugar,Liquid,Starter,SB,,
WK055-1-L-08h,Water kefir,Sugar,Liquid,Starter,SB,,
WK055-1-L-48h,Water kefir,Sugar,Liquid,Starter,SB,,
WK055-2-G-48h,Water kefir,Sugar,Liquid,Starter,SB,,
WK055-2-L-08h,Water kefir,Sugar,Liquid,Starter,SB,,
WK055-2-L-48h,Water kefir,Sugar,Liquid,Starter,SB,,
WK056-1-L-08h,Water kefir,Sugar,Liquid,Starter,SB,,
WK056-1-L-48h,Water kefir,Sugar,Liquid,Starter,SB,,
WK056-2-G-48h,Water kefir,Sugar,Liquid,Starter,SB,,
WK056-2-L-08h,Water kefir,Sugar,Liquid,Starter,SB,,
WK056-2-L-48h,Water kefir,Sugar,Liquid,Starter,SB,,
WK057-1-L-08h,Water kefir,Sugar,Liquid,Starter,SB,,
WK057-1-L-48h,Water kefir,Sugar,Liquid,Starter,SB,,
WK057-2-G-48h,Water kefir,Sugar,Liquid,Starter,SB,,
WK057-2-L-08h,Water kefir,Sugar,Liquid,Starter,SB,,
WK057-2-L-48h,Water kefir,Sugar,Liquid,Starter,SB,,
WK058-1-L-08h,Water kefir,Sugar,Liquid,Starter,SB,,
WK058-1-L-48h,Water kefir,Sugar,Liquid,Starter,SB,,
WK058-2-G-48h,Water kefir,Sugar,Liquid,Starter,SB,,
WK058-2-L-08h,Water kefir,Sugar,Liquid,Starter,SB,,
WK058-2-L-48h,Water kefir,Sugar,Liquid,Starter,SB,,
WK059-1-L-08h,Water kefir,Sugar,Liquid,Starter,SB,,
WK059-1-L-48h,Water kefir,Sugar,Liquid,Starter,SB,,
WK059-2-G-48h,Water kefir,Sugar,Liquid,Starter,SB,,
WK059-2-L-48h,Water kefir,Sugar,Liquid,Starter,SB,,
WK059-2-L-08h,Water kefir,Sugar,Liquid,Starter,SB,,
WK060-1-L-08h,Water kefir,Sugar,Liquid,Starter,SB,,
WK060-1-L-48h,Water kefir,Sugar,Liquid,Starter,SB,,
WK060-2-G-48h,Water kefir,Sugar,Liquid,Starter,SB,,
WK060-2-L-08h,Water kefir,Sugar,Liquid,Starter,SB,,
WK060-2-L-48h,Water kefir,Sugar,Liquid,Starter,SB,,
WK061-1-L-08h,Water kefir,Sugar,Liquid,Starter,SB,,
WK061-1-L-48h,Water kefir,Sugar,Liquid,Starter,SB,,
WK061-2-G-48h,Water kefir,Sugar,Liquid,Starter,SB,,
WK061-2-L-08h,Water kefir,Sugar,Liquid,Starter,SB,,
WK061-2-L-48h,Water kefir,Sugar,Liquid,Starter,SB,,
WK062-1-L-08h,Water kefir,Sugar,Liquid,Starter,SB,,
WK062-1-L-48h,Water kefir,Sugar,Liquid,Starter,SB,,
WK062-2-G-48h,Water kefir,Sugar,Liquid,Starter,SB,,
WK062-2-L-08h,Water kefir,Sugar,Liquid,Starter,SB,,
WK062-2-L-48h,Water kefir,Sugar,Liquid,Starter,SB,,
WK063-1-L-08h,Water kefir,Sugar,Liquid,Starter,SB,,
WK063-1-L-48h,Water kefir,Sugar,Liquid,Starter,SB,,
WK063-2-G-48h,Water kefir,Sugar,Liquid,Starter,SB,,
WK063-2-L-08h,Water kefir,Sugar,Liquid,Starter,SB,,
WK063-2-L-48h,Water kefir,Sugar,Liquid,Starter,SB,,
WK064-1-L-08h,Water kefir,Sugar,Liquid,Starter,SB,,
WK064-1-L-48h,Water kefir,Sugar,Liquid,Starter,SB,,
WK064-2-G-48h,Water kefir,Sugar,Liquid,Starter,SB,,
WK064-2-L-08h,Water kefir,Sugar,Liquid,Starter,SB,,
WK064-2-L-48h,Water kefir,Sugar,Liquid,Starter,SB,,
WK065-1-L-08h,Water kefir,Sugar,Liquid,Starter,SB,,
WK065-1-L-48h,Water kefir,Sugar,Liquid,Starter,SB,,
WK065-2-G-48h,Water kefir,Sugar,Liquid,Starter,SB,,
WK065-2-L-08h,Water kefir,Sugar,Liquid,Starter,SB,,
WK065-2-L-48h,Water kefir,Sugar,Liquid,Starter,SB,,
WK066-1-L-08h,Water kefir,Sugar,Liquid,Starter,SB,,
WK066-1-L-48h,Water kefir,Sugar,Liquid,Starter,SB,,
WK066-2-G-48h,Water kefir,Sugar,Liquid,Starter,SB,,
WK066-2-L-08h,Water kefir,Sugar,Liquid,Starter,SB,,
WK066-2-L-48h,Water kefir,Sugar,Liquid,Starter,SB,,
WK067-1-L-08h,Water kefir,Sugar,Liquid,Starter,SB,,
WK067-1-L-48h,Water kefir,Sugar,Liquid,Starter,SB,,
WK067-2-G-48h,Water kefir,Sugar,Liquid,Starter,SB,,
WK067-2-L-08h,Water kefir,Sugar,Liquid,Starter,SB,,
WK067-2-L-48h,Water kefir,Sugar,Liquid,Starter,SB,,
WK068-1-L-08h,Water kefir,Sugar,Liquid,Starter,SB,,
WK068-1-L-48h,Water kefir,Sugar,Liquid,Starter,SB,,
WK068-2-G-48h,Water kefir,Sugar,Liquid,Starter,SB,,
WK068-2-L-08h,Water kefir,Sugar,Liquid,Starter,SB,,
WK068-2-L-48h,Water kefir,Sugar,Liquid,Starter,SB,,
WK069-1-L-08h,Water kefir,Sugar,Liquid,Starter,SB,,
WK069-1-L-48h,Water kefir,Sugar,Liquid,Starter,SB,,
WK069-2-G-48h,Water kefir,Sugar,Liquid,Starter,SB,,
WK069-2-L-08h,Water kefir,Sugar,Liquid,Starter,SB,,
WK069-2-L-48h,Water kefir,Sugar,Liquid,Starter,SB,,
C2_S26,Dairy Kefir,Dairy,Liquid,Starter,LW,,
N1_S32,Dairy Kefir,Dairy,Liquid,Starter,LW,,
R2_S81,Dairy Kefir,Dairy,Liquid,Starter,LW,,
W2_S75,Dairy Kefir,Dairy,Liquid,Starter,LW,,
E6_S54,Dairy Kefir,Dairy,Liquid,Starter,LW,,
B6_S18,Dairy Kefir,Dairy,Liquid,Starter,LW,,
Q8_S75,Dairy Kefir,Dairy,Liquid,Starter,LW,,
G4_S76,Dairy Kefir,Dairy,Liquid,Starter,LW,,
T8_S11,Dairy Kefir,Dairy,Liquid,Starter,LW,,
U1_S11,Dairy Kefir,Dairy,Liquid,Starter,LW,,
P8_S63,Dairy Kefir,Dairy,Liquid,Starter,LW,,
T1_S10,Dairy Kefir,Dairy,Liquid,Starter,LW,,
W1_S74,Dairy Kefir,Dairy,Liquid,Starter,LW,,
C4_S28,Dairy Kefir,Dairy,Liquid,Starter,LW,,
D7_S43,Dairy Kefir,Dairy,Liquid,Starter,LW,,
A2_S2,Dairy Kefir,Dairy,Liquid,Starter,LW,,
T5_S10,Dairy Kefir,Dairy,Liquid,Starter,LW,,
D4_S40,Dairy Kefir,Dairy,Liquid,Starter,LW,,
H8_S92,Dairy Kefir,Dairy,Liquid,Starter,LW,,
D12_S4,Dairy Kefir,Dairy,Liquid,Starter,LW,,
U_2_11,Dairy Kefir,Dairy,Liquid,Starter,LW,,
P3_S58,Dairy Kefir,Dairy,Liquid,Starter,LW,,
V4_S65,Dairy Kefir,Dairy,Liquid,Starter,LW,,
A4_S4,Dairy Kefir,Dairy,Liquid,Starter,LW,,
B12_S2,Dairy Kefir,Dairy,Liquid,Starter,LW,,
O9_S52,Dairy Kefir,Dairy,Liquid,Starter,LW,,
Q9_S76,Dairy Kefir,Dairy,Liquid,Starter,LW,,
W9_S82,Dairy Kefir,Dairy,Liquid,Starter,LW,,
C7_S31,Dairy Kefir,Dairy,Liquid,Starter,LW,,
E9_S57,Dairy Kefir,Dairy,Liquid,Starter,LW,,
F11_S7,Dairy Kefir,Dairy,Liquid,Starter,LW,,
S9_S10,Dairy Kefir,Dairy,Liquid,Starter,LW,,
T12_S1,Dairy Kefir,Dairy,Liquid,Starter,LW,,
F2_S62,Dairy Kefir,Dairy,Liquid,Starter,LW,,
R1_S80,Dairy Kefir,Dairy,Liquid,Starter,LW,,
L8_S15,Dairy Kefir,Dairy,Liquid,Starter,LW,,
S5_S96,Dairy Kefir,Dairy,Liquid,Starter,LW,,
Q6_S73,Dairy Kefir,Dairy,Liquid,Starter,LW,,
L7_S14,Dairy Kefir,Dairy,Liquid,Starter,LW,,
I9_S10,Dairy Kefir,Dairy,Liquid,Starter,LW,,
L11_S1,Dairy Kefir,Dairy,Liquid,Starter,LW,,
I3_S99,Dairy Kefir,Dairy,Liquid,Starter,LW,,
U11_S5,Dairy Kefir,Dairy,Liquid,Starter,LW,,
k2_S12,Dairy Kefir,Dairy,Liquid,Starter,LW,,
P10_S6,Dairy Kefir,Dairy,Liquid,Starter,LW,,
C3_S27,Dairy Kefir,Dairy,Liquid,Starter,LW,,
S12_S1,Dairy Kefir,Dairy,Liquid,Starter,LW,,
R10_S8,Dairy Kefir,Dairy,Liquid,Starter,LW,,
Q11_S7,Dairy Kefir,Dairy,Liquid,Starter,LW,,
F4_S64,Dairy Kefir,Dairy,Liquid,Starter,LW,,
T4_S10,Dairy Kefir,Dairy,Liquid,Starter,LW,,
M8_S27,Dairy Kefir,Dairy,Liquid,Starter,LW,,
E11_S5,Dairy Kefir,Dairy,Liquid,Starter,LW,,
E7_S55,Dairy Kefir,Dairy,Liquid,Starter,LW,,
F6_S66,Dairy Kefir,Dairy,Liquid,Starter,LW,,
B10_S2,Dairy Kefir,Dairy,Liquid,Starter,LW,,
U12_S5,Dairy Kefir,Dairy,Liquid,Starter,LW,,
W11_S8,Dairy Kefir,Dairy,Liquid,Starter,LW,,
L6_S13,Dairy Kefir,Dairy,Liquid,Starter,LW,,
P9_S64,Dairy Kefir,Dairy,Liquid,Starter,LW,,
J4_S11,Dairy Kefir,Dairy,Liquid,Starter,LW,,
N7_S38,Dairy Kefir,Dairy,Liquid,Starter,LW,,
W5_S78,Dairy Kefir,Dairy,Liquid,Starter,LW,,
k3_S12,Dairy Kefir,Dairy,Liquid,Starter,LW,,
Q12_S7,Dairy Kefir,Dairy,Liquid,Starter,LW,,
T9_S11,Dairy Kefir,Dairy,Liquid,Starter,LW,,
M6_S25,Dairy Kefir,Dairy,Liquid,Starter,LW,,
P1_S56,Dairy Kefir,Dairy,Liquid,Starter,LW,,
k8_S3,Dairy Kefir,Dairy,Liquid,Starter,LW,,
Q5_S72,Dairy Kefir,Dairy,Liquid,Starter,LW,,
R12_S9,Dairy Kefir,Dairy,Liquid,Starter,LW,,
H1_S85,Dairy Kefir,Dairy,Liquid,Starter,LW,,
S6_S97,Dairy Kefir,Dairy,Liquid,Starter,LW,,
O4_S47,Dairy Kefir,Dairy,Liquid,Starter,LW,,
B4_S16,Dairy Kefir,Dairy,Liquid,Starter,LW,,
U5_S12,Dairy Kefir,Dairy,Liquid,Starter,LW,,
A1_S1,Dairy Kefir,Dairy,Liquid,Starter,LW,,
B3_S15,Dairy Kefir,Dairy,Liquid,Starter,LW,,
L10_S1,Dairy Kefir,Dairy,Liquid,Starter,LW,,
R3_S82,Dairy Kefir,Dairy,Liquid,Starter,LW,,
L2_S9,Dairy Kefir,Dairy,Liquid,Starter,LW,,
S10_S1,Dairy Kefir,Dairy,Liquid,Starter,LW,,
E1_S49,Dairy Kefir,Dairy,Liquid,Starter,LW,,
U10_S5,Dairy Kefir,Dairy,Liquid,Starter,LW,,
N12_S4,Dairy Kefir,Dairy,Liquid,Starter,LW,,
C9_S33,Dairy Kefir,Dairy,Liquid,Starter,LW,,
G5_S77,Dairy Kefir,Dairy,Liquid,Starter,LW,,
C10_S3,Dairy Kefir,Dairy,Liquid,Starter,LW,,
V9_S70,Dairy Kefir,Dairy,Liquid,Starter,LW,,
F1_S61,Dairy Kefir,Dairy,Liquid,Starter,LW,,
G6_S78,Dairy Kefir,Dairy,Liquid,Starter,LW,,
D1_S37,Dairy Kefir,Dairy,Liquid,Starter,LW,,
N10_S4,Dairy Kefir,Dairy,Liquid,Starter,LW,,
L12_S1,Dairy Kefir,Dairy,Liquid,Starter,LW,,
I1_S97,Dairy Kefir,Dairy,Liquid,Starter,LW,,
E8_S56,Dairy Kefir,Dairy,Liquid,Starter,LW,,
M7_S26,Dairy Kefir,Dairy,Liquid,Starter,LW,,
N3_S34,Dairy Kefir,Dairy,Liquid,Starter,LW,,
I4_S10,Dairy Kefir,Dairy,Liquid,Starter,LW,,
Q4_S71,Dairy Kefir,Dairy,Liquid,Starter,LW,,
G3_S75,Dairy Kefir,Dairy,Liquid,Starter,LW,,
O6_S49,Dairy Kefir,Dairy,Liquid,Starter,LW,,
N8_S39,Dairy Kefir,Dairy,Liquid,Starter,LW,,
Q10_S7,Dairy Kefir,Dairy,Liquid,Starter,LW,,
C6_S30,Dairy Kefir,Dairy,Liquid,Starter,LW,,
L1_S8,Dairy Kefir,Dairy,Liquid,Starter,LW,,
D5_S41,Dairy Kefir,Dairy,Liquid,Starter,LW,,
B8_S20,Dairy Kefir,Dairy,Liquid,Starter,LW,,
R8_S87,Dairy Kefir,Dairy,Liquid,Starter,LW,,
C12_S3,Dairy Kefir,Dairy,Liquid,Starter,LW,,
L5_S12,Dairy Kefir,Dairy,Liquid,Starter,LW,,
U12_S1,Dairy Kefir,Dairy,Liquid,Starter,LW,,
C11_S3,Dairy Kefir,Dairy,Liquid,Starter,LW,,
O7_S50,Dairy Kefir,Dairy,Liquid,Starter,LW,,
A6_S6,Dairy Kefir,Dairy,Liquid,Starter,LW,,
C8_S32,Dairy Kefir,Dairy,Liquid,Starter,LW,,
H11_S9,Dairy Kefir,Dairy,Liquid,Starter,LW,,
G9_S81,Dairy Kefir,Dairy,Liquid,Starter,LW,,
Y2_S87,Dairy Kefir,Dairy,Liquid,Starter,LW,,
B2_S14,Dairy Kefir,Dairy,Liquid,Starter,LW,,
V7_S68,Dairy Kefir,Dairy,Liquid,Starter,LW,,
k1_S12,Dairy Kefir,Dairy,Liquid,Starter,LW,,
V12_S7,Dairy Kefir,Dairy,Liquid,Starter,LW,,
T2_S10,Dairy Kefir,Dairy,Liquid,Starter,LW,,
W12_S8,Dairy Kefir,Dairy,Liquid,Starter,LW,,
B11_S2,Dairy Kefir,Dairy,Liquid,Starter,LW,,
Y1_S86,Dairy Kefir,Dairy,Liquid,Starter,LW,,
M5_S24,Dairy Kefir,Dairy,Liquid,Starter,LW,,
Y3_S88,Dairy Kefir,Dairy,Liquid,Starter,LW,,
G12_S8,Dairy Kefir,Dairy,Liquid,Starter,LW,,
Q7_S74,Dairy Kefir,Dairy,Liquid,Starter,LW,,
G7_S79,Dairy Kefir,Dairy,Liquid,Starter,LW,,
T6_S10,Dairy Kefir,Dairy,Liquid,Starter,LW,,
k11_S6,Dairy Kefir,Dairy,Liquid,Starter,LW,,
I6_S10,Dairy Kefir,Dairy,Liquid,Starter,LW,,
M4_S23,Dairy Kefir,Dairy,Liquid,Starter,LW,,
U_2_10,Dairy Kefir,Dairy,Liquid,Starter,LW,,
Q2_S69,Dairy Kefir,Dairy,Liquid,Starter,LW,,
F12_S7,Dairy Kefir,Dairy,Liquid,Starter,LW,,
Q3_S70,Dairy Kefir,Dairy,Liquid,Starter,LW,,
N11_S4,Dairy Kefir,Dairy,Liquid,Starter,LW,,
R5_S84,Dairy Kefir,Dairy,Liquid,Starter,LW,,
S11_S1,Dairy Kefir,Dairy,Liquid,Starter,LW,,
M9_S28,Dairy Kefir,Dairy,Liquid,Starter,LW,,
A3_S3,Dairy Kefir,Dairy,Liquid,Starter,LW,,
M3_S22,Dairy Kefir,Dairy,Liquid,Starter,LW,,
W3_S76,Dairy Kefir,Dairy,Liquid,Starter,LW,,
J8_S11,Dairy Kefir,Dairy,Liquid,Starter,LW,,
k4_S12,Dairy Kefir,Dairy,Liquid,Starter,LW,,
O3_S46,Dairy Kefir,Dairy,Liquid,Starter,LW,,
A5_S5,Dairy Kefir,Dairy,Liquid,Starter,LW,,
S1_S92,Dairy Kefir,Dairy,Liquid,Starter,LW,,
U_2_9,Dairy Kefir,Dairy,Liquid,Starter,LW,,
G1_S73,Dairy Kefir,Dairy,Liquid,Starter,LW,,
O11_S5,Dairy Kefir,Dairy,Liquid,Starter,LW,,
F7_S67,Dairy Kefir,Dairy,Liquid,Starter,LW,,
W8_S81,Dairy Kefir,Dairy,Liquid,Starter,LW,,
k5_S12,Dairy Kefir,Dairy,Liquid,Starter,LW,,
C5_S29,Dairy Kefir,Dairy,Liquid,Starter,LW,,
N2_S33,Dairy Kefir,Dairy,Liquid,Starter,LW,,
E2_S50,Dairy Kefir,Dairy,Liquid,Starter,LW,,
U11_S1,Dairy Kefir,Dairy,Liquid,Starter,LW,,
A7_S7,Dairy Kefir,Dairy,Liquid,Starter,LW,,
L4_S11,Dairy Kefir,Dairy,Liquid,Starter,LW,,
E10_S5,Dairy Kefir,Dairy,Liquid,Starter,LW,,
H6_S90,Dairy Kefir,Dairy,Liquid,Starter,LW,,
Q1_S68,Dairy Kefir,Dairy,Liquid,Starter,LW,,
V10_S7,Dairy Kefir,Dairy,Liquid,Starter,LW,,
O8_S51,Dairy Kefir,Dairy,Liquid,Starter,LW,,
D6_S42,Dairy Kefir,Dairy,Liquid,Starter,LW,,
H12_S9,Dairy Kefir,Dairy,Liquid,Starter,LW,,
M11_S3,Dairy Kefir,Dairy,Liquid,Starter,LW,,
P11_S6,Dairy Kefir,Dairy,Liquid,Starter,LW,,
J3_S11,Dairy Kefir,Dairy,Liquid,Starter,LW,,
J5_S11,Dairy Kefir,Dairy,Liquid,Starter,LW,,
H7_S91,Dairy Kefir,Dairy,Liquid,Starter,LW,,
I11_S1,Dairy Kefir,Dairy,Liquid,Starter,LW,,
F8_S68,Dairy Kefir,Dairy,Liquid,Starter,LW,,
U6_S12,Dairy Kefir,Dairy,Liquid,Starter,LW,,
V1_S62,Dairy Kefir,Dairy,Liquid,Starter,LW,,
E12_S6,Dairy Kefir,Dairy,Liquid,Starter,LW,,
S7_S98,Dairy Kefir,Dairy,Liquid,Starter,LW,,
J10_S1,Dairy Kefir,Dairy,Liquid,Starter,LW,,
J7_S11,Dairy Kefir,Dairy,Liquid,Starter,LW,,
P6_S61,Dairy Kefir,Dairy,Liquid,Starter,LW,,
S3_S94,Dairy Kefir,Dairy,Liquid,Starter,LW,,
H10_S9,Dairy Kefir,Dairy,Liquid,Starter,LW,,
U3_S11,Dairy Kefir,Dairy,Liquid,Starter,LW,,
P7_S62,Dairy Kefir,Dairy,Liquid,Starter,LW,,
L3_S10,Dairy Kefir,Dairy,Liquid,Starter,LW,,
E5_S53,Dairy Kefir,Dairy,Liquid,Starter,LW,,
I2_S98,Dairy Kefir,Dairy,Liquid,Starter,LW,,
J6_S11,Dairy Kefir,Dairy,Liquid,Starter,LW,,
E3_S51,Dairy Kefir,Dairy,Liquid,Starter,LW,,
H3_S87,Dairy Kefir,Dairy,Liquid,Starter,LW,,
k6_S1,Dairy Kefir,Dairy,Liquid,Starter,LW,,
L9_S16,Dairy Kefir,Dairy,Liquid,Starter,LW,,
G2_S74,Dairy Kefir,Dairy,Liquid,Starter,LW,,
R4_S83,Dairy Kefir,Dairy,Liquid,Starter,LW,,
J1_S10,Dairy Kefir,Dairy,Liquid,Starter,LW,,
N6_S37,Dairy Kefir,Dairy,Liquid,Starter,LW,,
I5_S10,Dairy Kefir,Dairy,Liquid,Starter,LW,,
U9_S51,Dairy Kefir,Dairy,Liquid,Starter,LW,,
A9_S9,Dairy Kefir,Dairy,Liquid,Starter,LW,,
R6_S85,Dairy Kefir,Dairy,Liquid,Starter,LW,,
N4_S35,Dairy Kefir,Dairy,Liquid,Starter,LW,,
F9_S69,Dairy Kefir,Dairy,Liquid,Starter,LW,,
V8_S69,Dairy Kefir,Dairy,Liquid,Starter,LW,,
U4_S11,Dairy Kefir,Dairy,Liquid,Starter,LW,,
F3_S63,Dairy Kefir,Dairy,Liquid,Starter,LW,,
E4_S52,Dairy Kefir,Dairy,Liquid,Starter,LW,,
D9_S45,Dairy Kefir,Dairy,Liquid,Starter,LW,,
H3_S55,Dairy Kefir,Dairy,Liquid,Starter,LW,,
P12_S6,Dairy Kefir,Dairy,Liquid,Starter,LW,,
U10_S1,Dairy Kefir,Dairy,Liquid,Starter,LW,,
I12_S1,Dairy Kefir,Dairy,Liquid,Starter,LW,,
W6_S79,Dairy Kefir,Dairy,Liquid,Starter,LW,,
k12_S7,Dairy Kefir,Dairy,Liquid,Starter,LW,,
B5_S17,Dairy Kefir,Dairy,Liquid,Starter,LW,,
S8_S99,Dairy Kefir,Dairy,Liquid,Starter,LW,,
J9_S11,Dairy Kefir,Dairy,Liquid,Starter,LW,,
I10_S1,Dairy Kefir,Dairy,Liquid,Starter,LW,,
B7_S19,Dairy Kefir,Dairy,Liquid,Starter,LW,,
D10_S4,Dairy Kefir,Dairy,Liquid,Starter,LW,,
S4_S95,Dairy Kefir,Dairy,Liquid,Starter,LW,,
H2_S86,Dairy Kefir,Dairy,Liquid,Starter,LW,,
H9_S93,Dairy Kefir,Dairy,Liquid,Starter,LW,,
V2_S63,Dairy Kefir,Dairy,Liquid,Starter,LW,,
N9_S40,Dairy Kefir,Dairy,Liquid,Starter,LW,,
W7_S80,Dairy Kefir,Dairy,Liquid,Starter,LW,,
J11_S1,Dairy Kefir,Dairy,Liquid,Starter,LW,,
Y4_S89,Dairy Kefir,Dairy,Liquid,Starter,LW,,
U_2_12,Dairy Kefir,Dairy,Liquid,Starter,LW,,
k7_S2,Dairy Kefir,Dairy,Liquid,Starter,LW,,
M12_S3,Dairy Kefir,Dairy,Liquid,Starter,LW,,
A10_S1,Dairy Kefir,Dairy,Liquid,Starter,LW,,
M10_S2,Dairy Kefir,Dairy,Liquid,Starter,LW,,
W10_S8,Dairy Kefir,Dairy,Liquid,Starter,LW,,
R11_S9,Dairy Kefir,Dairy,Liquid,Starter,LW,,
I7_S10,Dairy Kefir,Dairy,Liquid,Starter,LW,,
P5_S60,Dairy Kefir,Dairy,Liquid,Starter,LW,,
F5_S65,Dairy Kefir,Dairy,Liquid,Starter,LW,,
k10_S5,Dairy Kefir,Dairy,Liquid,Starter,LW,,
D11_S4,Dairy Kefir,Dairy,Liquid,Starter,LW,,
H4_S88,Dairy Kefir,Dairy,Liquid,Starter,LW,,
U_2_8,Dairy Kefir,Dairy,Liquid,Starter,LW,,
M1_S20,Dairy Kefir,Dairy,Liquid,Starter,LW,,
S2_S93,Dairy Kefir,Dairy,Liquid,Starter,LW,,
R9_S88,Dairy Kefir,Dairy,Liquid,Starter,LW,,
C1_S25,Dairy Kefir,Dairy,Liquid,Starter,LW,,
O2_S45,Dairy Kefir,Dairy,Liquid,Starter,LW,,
P2_S57,Dairy Kefir,Dairy,Liquid,Starter,LW,,
T11_S1,Dairy Kefir,Dairy,Liquid,Starter,LW,,
T10_S1,Dairy Kefir,Dairy,Liquid,Starter,LW,,
V11_S7,Dairy Kefir,Dairy,Liquid,Starter,LW,,
G8_S80,Dairy Kefir,Dairy,Liquid,Starter,LW,,
A8_S8,Dairy Kefir,Dairy,Liquid,Starter,LW,,
J2_S11,Dairy Kefir,Dairy,Liquid,Starter,LW,,
G10_S8,Dairy Kefir,Dairy,Liquid,Starter,LW,,
D8_S44,Dairy Kefir,Dairy,Liquid,Starter,LW,,
W4_S77,Dairy Kefir,Dairy,Liquid,Starter,LW,,
V6_S67,Dairy Kefir,Dairy,Liquid,Starter,LW,,
A11_S1,Dairy Kefir,Dairy,Liquid,Starter,LW,,
D2_S38,Dairy Kefir,Dairy,Liquid,Starter,LW,,
A12_S1,Dairy Kefir,Dairy,Liquid,Starter,LW,,
F10_S7,Dairy Kefir,Dairy,Liquid,Starter,LW,,
T3_S10,Dairy Kefir,Dairy,Liquid,Starter,LW,,
B9_S21,Dairy Kefir,Dairy,Liquid,Starter,LW,,
U_2_7,Dairy Kefir,Dairy,Liquid,Starter,LW,,
H5_S89,Dairy Kefir,Dairy,Liquid,Starter,LW,,
N5_S36,Dairy Kefir,Dairy,Liquid,Starter,LW,,
I8_S10,Dairy Kefir,Dairy,Liquid,Starter,LW,,
k9_S4,Dairy Kefir,Dairy,Liquid,Starter,LW,,
U9_S12,Dairy Kefir,Dairy,Liquid,Starter,LW,,
O5_S48,Dairy Kefir,Dairy,Liquid,Starter,LW,,
V3_S64,Dairy Kefir,Dairy,Liquid,Starter,LW,,
D3_S39,Dairy Kefir,Dairy,Liquid,Starter,LW,,
R7_S86,Dairy Kefir,Dairy,Liquid,Starter,LW,,
T7_S11,Dairy Kefir,Dairy,Liquid,Starter,LW,,
M2_S21,Dairy Kefir,Dairy,Liquid,Starter,LW,,
G11_S8,Dairy Kefir,Dairy,Liquid,Starter,LW,,
O1_S44,Dairy Kefir,Dairy,Liquid,Starter,LW,,
O10_S5,Dairy Kefir,Dairy,Liquid,Starter,LW,,
U2_S11,Dairy Kefir,Dairy,Liquid,Starter,LW,,
J12_S1,Dairy Kefir,Dairy,Liquid,Starter,LW,,
B1_S13,Dairy Kefir,Dairy,Liquid,Starter,LW,,
O12_S5,Dairy Kefir,Dairy,Liquid,Starter,LW,,
V5_S66,Dairy Kefir,Dairy,Liquid,Starter,LW,,
P4_S59,Dairy Kefir,Dairy,Liquid,Starter,LW,,
PFG_k_B_24_CoM,Dairy Kefir,Coconut Dairy,Liquid,Starter,PG,,
PFG_k_B_24_SM,Dairy Kefir,Soy,Liquid,Starter,PG,,
PFG_k_B_4_CoM,Dairy Kefir,Coconut Dairy,Liquid,Starter,PG,,
PFG_k_B_4_SM_S,Dairy Kefir,Soy,Liquid,Starter,PG,,
PFG_k_B_p4_CoM,Dairy Kefir,Coconut Dairy,Liquid,Starter,PG,,
PFG_k_B_p4_SM,Dairy Kefir,Soy,Liquid,Starter,PG,,
PFG_k_L_24_CoM,Dairy Kefir,Coconut Dairy,Liquid,Starter,PG,,
PFG_k_L_24_SM,Dairy Kefir,Soy,Liquid,Starter,PG,,
PFG_k_L_4_CoM,Dairy Kefir,Coconut Dairy,Liquid,Starter,PG,,
PFG_k_L_4_SM_S,Dairy Kefir,Soy,Liquid,Starter,PG,,
PFG_k_L_p4_CoM,Dairy Kefir,Coconut Dairy,Liquid,Starter,PG,,
PFG_k_L_p4_SM,Dairy Kefir,Coconut Dairy,Liquid,Starter,PG,,
SRR8830666,Kinema,Soy,Solid,Spontaneous,JT:PRJNA529966,,
SRR8830667,Kinema,Soy,Solid,Spontaneous,JT:PRJNA529966,,
SRR8830668,Kinema,Soy,Solid,Spontaneous,JT:PRJNA529966,,
SRR8830669,Kinema,Soy,Solid,Starter,PRJNA605305 ,,
SRR11704907,Baijiu,Cereal,Liquid,Starter,PRJNA630248,,
SRR11704908,Baijiu,Cereal,Liquid,Starter,PRJNA630248,,
SRR11704909,Baijiu,Cereal,Liquid,Starter,PRJNA630248,,
